{
    "describe": -34401990, 
    "editor_res": false, 
    "key": 211092, 
    "model_id": 570092, 
    "name": 1272840065, 
    "offical_tags": {
        "__tuple__": true, 
        "items": [
            "\u6e38\u620f\u89d2\u8272", 
            "3D\u6a21\u578b", 
            "\u874e\u5b50", 
            "\u76d4\u7532", 
            "\u7537\u6027", 
            "\u808c\u8089", 
            "\u63d2\u753b", 
            "\u51b7\u8272\u8c03", 
            "\u5361\u901a", 
            "\u4eba\u5f62", 
            "\u8783\u87f9", 
            "\u4e09\u53c9\u621f", 
            "\u6b66\u5668", 
            "\u767d\u8272", 
            "\u84dd\u8272", 
            "\u84dd\u8272\u8c03", 
            "\u5947\u5e7b", 
            "\u7d2b\u8272", 
            "3D"
        ]
    }, 
    "preview_icon": "UP1ModelPreview/211092", 
    "release_delete": {
        "__tuple__": true, 
        "items": []
    }, 
    "res_identify": "all", 
    "res_type": "\u7206\u6218\u5144\u5f1f\u4e13\u8f91,\u5355\u4f4d,boss", 
    "rigidbody_offset": [
        0.0, 
        1.5106000000000002, 
        0.0
    ], 
    "select_effect_scale": 1.0, 
    "size": 1.0, 
    "socket_info": {
        "base": {
            "__tuple__": true, 
            "items": [
                "base", 
                "base", 
                0.0, 
                0.0, 
                0.0, 
                -0.0, 
                0.0, 
                0.0
            ]
        }, 
        "chest": {
            "__tuple__": true, 
            "items": [
                "chest", 
                "biped-spine", 
                0.0, 
                0.0, 
                0.45, 
                2.135898088067337e-13, 
                3.141592, 
                1.5707966535897933
            ]
        }, 
        "hand_left": {
            "__tuple__": true, 
            "items": [
                "hand_left", 
                "biped-l-hand", 
                0.12, 
                0.0, 
                -0.04, 
                -6.535897930762885e-7, 
                3.141592653589793, 
                3.141592653589793
            ]
        }, 
        "hand_right": {
            "__tuple__": true, 
            "items": [
                "hand_right", 
                "biped-r-hand", 
                0.12, 
                0.0, 
                -0.04, 
                -0.0, 
                0.0, 
                0.0
            ]
        }, 
        "head": {
            "__tuple__": true, 
            "items": [
                "head", 
                "biped-head", 
                0.4, 
                0.0, 
                0.15, 
                -0.0, 
                0.0, 
                -1.570796
            ]
        }, 
        "hit_point": {
            "__tuple__": true, 
            "items": [
                "hit_point", 
                "biped-spine", 
                0.0, 
                0.0, 
                0.0, 
                -0.0, 
                0.0, 
                0.0
            ]
        }, 
        "root": {
            "__tuple__": true, 
            "items": [
                "root", 
                "Scene\u00a0Root", 
                0.0, 
                0.0, 
                0.0, 
                -0.0, 
                0.0, 
                0.0
            ]
        }, 
        "unit_info": {
            "__tuple__": true, 
            "items": [
                "unit_info", 
                "biped-head", 
                0.0, 
                0.0, 
                0.0, 
                -0.0, 
                0.0, 
                0.0
            ]
        }
    }, 
    "source": "code_Source_Import", 
    "uid": "editor_model_211092", 
    "unit_prefab": 211092
}