{
    "describe": -2021815616, 
    "editor_res": false, 
    "key": 211025, 
    "model_id": 570025, 
    "name": 1823850082, 
    "offical_tags": {
        "__tuple__": true, 
        "items": [
            "\u6e38\u620f\u89d2\u8272", 
            "\u7ea2\u8272", 
            "\u8774\u8776", 
            "\u7537\u6027", 
            "\u624b\u5957", 
            "\u690d\u7269", 
            "\u5e3d\u5b50", 
            "\u7cbe\u7075", 
            "\u9879\u94fe", 
            "\u84dd\u8272", 
            "\u5947\u5e7b", 
            "\u8033\u6735", 
            "\u773c\u775b", 
            "\u9774\u5b50", 
            "\u74f6\u5b50", 
            "\u9e7f\u89d2", 
            "\u68cd\u5b50", 
            "\u8170\u5e26", 
            "\u624b\u7ed8", 
            "3D\u6e32\u67d3", 
            "\u5934\u53d1", 
            "\u6811\u679d", 
            "\u81ea\u7136", 
            "\u5361\u901a", 
            "\u9b54\u6cd5", 
            "\u6597\u7bf7", 
            "\u68d5\u8272", 
            "\u9b54\u6cd5\u6756", 
            "\u9ec4\u8272", 
            "\u82b1", 
            "\u5634\u5df4", 
            "\u7eff\u8272", 
            "\u9f3b\u5b50"
        ]
    }, 
    "preview_icon": "UP1ModelPreview/211025", 
    "release_delete": {
        "__tuple__": true, 
        "items": []
    }, 
    "res_identify": "all", 
    "res_type": "\u7206\u6218\u5144\u5f1f\u4e13\u8f91,\u5355\u4f4d,\u82f1\u96c4", 
    "rigidbody_offset": [
        0.0, 
        0.9167000000000001, 
        0.0
    ], 
    "rigidbody_type": 3, 
    "select_effect_scale": 1.0, 
    "size": 1.0, 
    "socket_info": {
        "base": {
            "__tuple__": true, 
            "items": [
                "base", 
                "base", 
                0.0, 
                0.0, 
                0.0, 
                -0.0, 
                0.0, 
                0.0
            ]
        }, 
        "chest": {
            "__tuple__": true, 
            "items": [
                "chest", 
                "Bip001_Spine2", 
                0.0, 
                0.0, 
                0.45, 
                2.135898088067337e-13, 
                3.141592, 
                1.5707966535897933
            ]
        }, 
        "hand_left": {
            "__tuple__": true, 
            "items": [
                "hand_left", 
                "Bip001_L_Hand", 
                0.12, 
                0.0, 
                -0.04, 
                -6.535897930762885e-7, 
                3.141592653589793, 
                3.141592653589793
            ]
        }, 
        "hand_right": {
            "__tuple__": true, 
            "items": [
                "hand_right", 
                "Bip001_R_Hand", 
                0.12, 
                0.0, 
                -0.04, 
                -0.0, 
                0.0, 
                0.0
            ]
        }, 
        "head": {
            "__tuple__": true, 
            "items": [
                "head", 
                "Bip001_Head", 
                0.4, 
                0.0, 
                0.15, 
                -0.0, 
                0.0, 
                -1.570796
            ]
        }, 
        "hit_point": {
            "__tuple__": true, 
            "items": [
                "hit_point", 
                "Bip001_Spine2", 
                0.0, 
                0.0, 
                0.0, 
                -0.0, 
                0.0, 
                0.0
            ]
        }, 
        "root": {
            "__tuple__": true, 
            "items": [
                "root", 
                "Scene\u00a0Root", 
                0.0, 
                0.0, 
                0.0, 
                -0.0, 
                0.0, 
                0.0
            ]
        }, 
        "unit_info": {
            "__tuple__": true, 
            "items": [
                "unit_info", 
                "Bip001_Head", 
                0.0, 
                0.0, 
                0.0, 
                -0.0, 
                0.0, 
                0.0
            ]
        }, 
        "weapon_left": {
            "__tuple__": true, 
            "items": [
                "weapon_left", 
                "Bip001_L_Hand", 
                0.12, 
                0.0, 
                -0.04, 
                -0.0, 
                0.0, 
                0.0
            ]
        }, 
        "weapon_right": {
            "__tuple__": true, 
            "items": [
                "weapon_right", 
                "Bip001_R_Hand", 
                0.12, 
                0.0, 
                -0.04, 
                -0.0, 
                0.0, 
                0.0
            ]
        }
    }, 
    "source": "code_Source_Import", 
    "uid": "editor_model_211025", 
    "unit_prefab": 211025
}