{
    "describe": -700554316, 
    "editor_res": false, 
    "key": 211117, 
    "model_id": 570117, 
    "name": -1364086399, 
    "offical_tags": {
        "__tuple__": true, 
        "items": [
            "\u6e38\u620f\u89d2\u8272", 
            "\u7ea2\u8272", 
            "\u76d4\u7532", 
            "\u7537\u6027", 
            "\u63d2\u753b", 
            "\u670d\u88c5", 
            "\u9e1f", 
            "\u9ed1\u8272", 
            "\u84dd\u8272", 
            "\u5947\u5e7b", 
            "3D\u6e32\u67d3", 
            "\u9e70", 
            "\u4e1c\u65b9\u98ce\u683c", 
            "\u4eba\u7c7b", 
            "\u5361\u901a", 
            "\u6b66\u5668", 
            "\u68d5\u8272", 
            "\u9e1f\u4eba", 
            "\u517d\u4eba", 
            "\u9ec4\u8272", 
            "\u9aa8\u9abc", 
            "\u7eff\u8272", 
            "\u7fbd\u6bdb"
        ]
    }, 
    "preview_icon": "UP1ModelPreview/211117", 
    "release_delete": {
        "__tuple__": true, 
        "items": []
    }, 
    "res_identify": "all", 
    "res_type": "\u7206\u6218\u5144\u5f1f\u4e13\u8f91,\u5355\u4f4d,\u82f1\u96c4", 
    "rigidbody_offset": [
        0.0, 
        1.113, 
        0.0
    ], 
    "rigidbody_type": 3, 
    "select_effect_scale": 1.0, 
    "size": 1.0, 
    "socket_info": {
        "base": {
            "__tuple__": true, 
            "items": [
                "base", 
                "base", 
                0.0, 
                0.0, 
                0.0, 
                -0.0, 
                0.0, 
                0.0
            ]
        }, 
        "chest": {
            "__tuple__": true, 
            "items": [
                "chest", 
                "Bip001_Spine2", 
                0.0, 
                0.0, 
                0.45, 
                2.135898088067337e-13, 
                3.141592, 
                1.5707966535897933
            ]
        }, 
        "hand_left": {
            "__tuple__": true, 
            "items": [
                "hand_left", 
                "Bip001_L_Hand", 
                0.12, 
                0.0, 
                -0.04, 
                -6.535897930762885e-7, 
                3.141592653589793, 
                3.141592653589793
            ]
        }, 
        "hand_right": {
            "__tuple__": true, 
            "items": [
                "hand_right", 
                "Bip001_R_Hand", 
                0.12, 
                0.0, 
                -0.04, 
                -0.0, 
                0.0, 
                0.0
            ]
        }, 
        "head": {
            "__tuple__": true, 
            "items": [
                "head", 
                "Bip001_Head", 
                0.4, 
                0.0, 
                0.15, 
                -0.0, 
                0.0, 
                -1.570796
            ]
        }, 
        "hit_point": {
            "__tuple__": true, 
            "items": [
                "hit_point", 
                "Bip001_Spine2", 
                0.0, 
                0.0, 
                0.0, 
                -0.0, 
                0.0, 
                0.0
            ]
        }, 
        "root": {
            "__tuple__": true, 
            "items": [
                "root", 
                "Scene\u00a0Root", 
                0.0, 
                0.0, 
                0.0, 
                -0.0, 
                0.0, 
                0.0
            ]
        }, 
        "unit_info": {
            "__tuple__": true, 
            "items": [
                "unit_info", 
                "Bip001_Head", 
                0.0, 
                0.0, 
                0.0, 
                -0.0, 
                0.0, 
                0.0
            ]
        }
    }, 
    "source": "code_Source_Import", 
    "uid": "editor_model_211117", 
    "unit_prefab": 211117
}